,Name,OS,Price,91 mobiles rating,Core,Processor,RAM,Display Size,Display Type,Refresh Rate,Camera Details,Flash Type,Screen flash,Battery,Fast charging,Type-C,Youtube Rating,Final Rating
0,OnePlus Nord CE 4 5G,Android v14,24998,8.6,"Octa core (2.63 GHz, Single Core + 2.4 GHz, Tri core + 1.8 GHz, Quad core)",Snapdragon 7 Gen 3,8 GB RAM,6.7 inches (17.02 cm),"FHD+, AMOLED",120 Hz Refresh Rate,50 MP + 8 MP Dual Primary Cameras,Dual LED Flash,Screen flash,5500 mAh,Super VOOC Charging,USB Type-C Port,7.586117864,8.295835359
1,OnePlus 12R,Android v14,39999,9.3,"Octa core (3.2 GHz, Single Core + 2.8 GHz, Quad core + 2 GHz, Tri core)",Snapdragon 8 Gen 2,8 GB RAM,6.78 inches (17.22 cm),"FHD+, AMOLED",120 Hz Refresh Rate,50 MP + 8 MP + 2 MP Triple Primary Cameras,LED Flash,Screen flash,5500 mAh,Super VOOC Charging,USB Type-C Port,8.265776039,8.989732812
2,OnePlus Nord CE 3 Lite 5G,Android v13,17499,8.1,"Octa core (2.2 GHz, Dual Core + 1.7 GHz, Hexa Core)",Snapdragon 695,8 GB RAM,6.72 inches (17.07 cm),"FHD+, IPS LCD",120 Hz Refresh Rate,108 MP + 2 MP + 2 MP Triple Primary Cameras,LED Flash,Screen flash,5000 mAh,Super VOOC Charging,USB Type-C Port,5.25956655,7.247869965
3,OnePlus 12,Android v14,64999,9.7,"Octa core (3.3 GHz, Single Core + 3.2 GHz, Penta Core + 2.3 GHz, Dual core)",Snapdragon 8 Gen 3,12 GB RAM,6.82 inches (17.32 cm),"QHD+, AMOLED",120 Hz Refresh Rate,50 MP + 48 MP + 64 MP Triple Primary Cameras,Dual LED Flash,Screen flash,5400 mAh,Super VOOC Charging,USB Type-C Port,7.815138196,9.134541459
4,OnePlus Nord CE 3 5G,Android v13,20999,8.7,"Octa core (2.7 GHz, Single Core + 2.2 GHz, Tri core + 1.9 GHz, Quad core)",Snapdragon 782G,8 GB RAM,6.7 inches (17.02 cm),"FHD+, Fluid AMOLED",120 Hz Refresh Rate,50 MP + 8 MP + 2 MP Triple Primary Cameras,LED Flash,Screen flash,5000 mAh,Super VOOC Charging,USB Type-C Port,5.356244536,7.696873361
5,OnePlus 11R,Android v13,30740,9,"Octa core (3.2 GHz, Single Core + 2.75 GHz, Tri core + 2 GHz, Quad core)",Snapdragon 8 Plus Gen 1,8 GB RAM,6.74 inches (17.12 cm),"FHD+, Super Fluid AMOLED",120 Hz Refresh Rate,50 MP + 8 MP + 2 MP Triple Primary Cameras,LED Flash,16 MP Front Camera,5000 mAh,Super VOOC Charging,USB Type-C Port,5.892497666,8.0677493
6,OnePlus Nord 3 5G,Android v13,28999,8.8,"Octa core (3.05 GHz, Single Core + 2.85 GHz, Tri core + 1.8 GHz, Quad core)",MediaTek Dimensity 9000,8 GB RAM,6.74 inches (17.12 cm),"FHD+, Super Fluid AMOLED",120 Hz Refresh Rate,50 MP + 8 MP + 2 MP Triple Primary Cameras,LED Flash,Screen flash,5000 mAh,Super VOOC Charging,USB Type-C Port,5.356244536,7.766873361
7,OnePlus Nord CE 4 5G 256GB,Android v14,26999,8.6,"Octa core (2.63 GHz, Single Core + 2.4 GHz, Tri core + 1.8 GHz, Quad core)",Snapdragon 7 Gen 3,8 GB RAM,6.7 inches (17.02 cm),"FHD+, AMOLED",120 Hz Refresh Rate,50 MP + 8 MP Dual Primary Cameras,Dual LED Flash,Screen flash,5500 mAh,Super VOOC Charging,USB Type-C Port,7.586117864,8.295835359
8,OnePlus 12R 256GB,Android v14,45999,9.3,"Octa core (3.2 GHz, Single Core + 2.8 GHz, Quad core + 2 GHz, Tri core)",Snapdragon 8 Gen 2,16 GB RAM,6.78 inches (17.22 cm),"FHD+, AMOLED",120 Hz Refresh Rate,50 MP + 8 MP + 2 MP Triple Primary Cameras,LED Flash,Screen flash,5500 mAh,Super VOOC Charging,USB Type-C Port,7.116098769,8.644829631
9,OnePlus 11,Android v13,45999,9.4,"Octa core (3.2 GHz, Single Core + 2.8 GHz, Quad core + 2 GHz, Tri core)",Snapdragon 8 Gen 2,8 GB RAM,6.7 inches (17.02 cm),"QHD+, Super Fluid AMOLED",120 Hz Refresh Rate,50 MP + 48 MP + 32 MP Triple Primary Cameras,Dual LED Flash,Screen flash,5000 mAh,Super VOOC Charging,USB Type-C Port,6.399632742,8.499889823
10,OnePlus Open,Android v13,139999,9.4,"Octa core (3.2 GHz, Single Core + 2.8 GHz, Quad core + 2 GHz, Tri core)",Snapdragon 8 Gen 2,16 GB RAM,7.82 inches (19.86 cm),"2268x2440 px, LTPO Flexi-fluid AMOLED",120 Hz Refresh Rate,48 MP + 48 MP + 64 MP Triple Primary Cameras,LED Flash,Screen flash,4805 mAh,Super VOOC Charging,USB Type-C Port,7.811467275,8.923440183
11,OnePlus Nord 2T 5G,Android v12,28999,8.6,"Octa core (3 GHz, Single Core + 2.6 GHz, Tri core + 2 GHz, Quad core)",MediaTek Dimensity 1300,8 GB RAM,6.43 inches (16.33 cm),"FHD+, AMOLED",90 Hz Refresh Rate,50 MP + 8 MP + 2 MP Triple Primary Cameras,Dual LED Flash,32 MP Front Camera,4500 mAh,Super VOOC Charging,USB Type-C Port,5.573612472,7.692083742
12,OnePlus Nord CE 2 Lite 5G,Android v12,16296,8.1,"Octa core (2.2 GHz, Dual Core + 1.7 GHz, Hexa Core)",Snapdragon 695,6 GB RAM,6.59 inches (16.74 cm),"FHD+, IPS LCD",120 Hz Refresh Rate,64 MP + 2 MP + 2 MP Triple Primary Cameras,LED Flash,Screen flash,5000 mAh,Super VOOC Charging,USB Type-C Port,5.046533874,7.183960162
13,OnePlus Nord CE 3 Lite 5G 256GB,Android v13,19499,8.1,"Octa core (2.2 GHz, Dual Core + 1.7 GHz, Hexa Core)",Snapdragon 695,8 GB RAM,6.72 inches (17.07 cm),"FHD+, IPS LCD",120 Hz Refresh Rate,108 MP + 2 MP + 2 MP Triple Primary Cameras,LED Flash,Screen flash,5000 mAh,Super VOOC Charging,USB Type-C Port,5.25956655,7.247869965
14,OnePlus Nord CE 3 5G 256GB,Android v13,27999,8.7,"Octa core (2.7 GHz, Single Core + 2.2 GHz, Tri core + 1.9 GHz, Quad core)",Snapdragon 782G,12 GB RAM,6.7 inches (17.02 cm),"FHD+, Fluid AMOLED",120 Hz Refresh Rate,50 MP + 8 MP + 2 MP Triple Primary Cameras,LED Flash,Screen flash,5000 mAh,Super VOOC Charging,USB Type-C Port,5.356244536,7.696873361
15,OnePlus 10 Pro,Android v12,66999,9.3,"Octa core (3 GHz, Single Core + 2.5 GHz, Tri core + 1.8 GHz, Quad core)",Snapdragon 8 Gen 1,8 GB RAM,6.7 inches (17.02 cm),"QHD+, Fluid AMOLED",120 Hz Refresh Rate,48 MP + 50 MP + 8 MP Triple Primary Cameras,Dual LED Flash,Screen flash,5000 mAh,Super VOOC Charging,USB Type-C Port,6.25029294,8.385087882
16,OnePlus 10R 5G,Android v12,34999,8.4,"Octa core (2.85 GHz, Quad Core + 2 GHz, Quad core)",MediaTek Dimensity 8100 Max,8 GB RAM,6.7 inches (17.02 cm),"FHD+, Fluid AMOLED",120 Hz Refresh Rate,50 MP + 8 MP + 2 MP Triple Primary Cameras,Dual LED Flash,16 MP Front Camera,5000 mAh,Super VOOC Charging,USB Type-C Port,6.125504582,7.717651375
17,OnePlus 9R,Android v11,30999,8.8,"Octa core (3.2 GHz, Single Core + 2.42 GHz, Tri core + 1.8 GHz, Quad core)",Snapdragon 870,8 GB RAM,6.55 inches (16.64 cm),"FHD+, Fluid AMOLED",120 Hz Refresh Rate,48 + 16 + 5 + 2 MP Quad Primary Cameras,Dual LED Flash,Screen flash,4500 mAh,Warp Charging,USB Type-C Port,6.330640327,8.059192098
18,OnePlus 12 512GB,Android v14,69998,9.7,"Octa core (3.3 GHz, Single Core + 3.2 GHz, Penta Core + 2.3 GHz, Dual core)",Snapdragon 8 Gen 3,16 GB RAM,6.82 inches (17.32 cm),"QHD+, AMOLED",120 Hz Refresh Rate,50 MP + 48 MP + 64 MP Triple Primary Cameras,Dual LED Flash,Screen flash,5400 mAh,Super VOOC Charging,USB Type-C Port,7.116098769,8.924829631
19,OnePlus Nord CE 2 5G,Android v11,23990,8.4,"Octa core (2.4 GHz, Dual Core + 2 GHz, Hexa Core)",MediaTek Dimensity 900,6 GB RAM,6.43 inches (16.33 cm),"FHD+, Fluid AMOLED",90 Hz Refresh Rate,64 MP + 8 MP + 2 MP Triple Primary Cameras,LED Flash,Screen flash,4500 mAh,Super VOOC Charging,USB Type-C Port,5.364596038,7.489378811
20,realme Narzo 70 Pro,Android v14,19999,8.5,"Octa core (2.6 GHz, Dual Core + 2 GHz, Hexa Core)",MediaTek Dimensity 7050,8 GB RAM,6.67 inches (16.94 cm),"FHD+, AMOLED",120 Hz Refresh Rate,50 MP + 8 MP + 2 MP Triple Primary Cameras,LED Flash,16 MP Front Camera,5000 mAh,Super VOOC Charging,USB Type-C Port,6.473783376,7.892135013
21,realme 12 Plus,Android v14,19734,8.4,"Octa core (2.6 GHz, Dual Core + 2 GHz, Hexa Core)",MediaTek Dimensity 7050,8 GB RAM,6.67 inches (16.94 cm),"FHD+, AMOLED",120 Hz Refresh Rate,50 MP + 8 MP + 2 MP Triple Primary Cameras,LED Flash,Screen flash,5000 mAh,Super VOOC Charging,USB Type-C Port,6.912107817,7.953632345
22,realme P1,Android v14,15999,8.4,"Octa core (2.6 GHz, Dual Core + 2 GHz, Hexa Core)",MediaTek Dimensity 7050,6 GB RAM,6.67 inches (16.94 cm),"FHD+, AMOLED",120 Hz Refresh Rate,50 MP + 2 MP Dual Primary Cameras,LED Flash,Screen flash,5000 mAh,Super VOOC Charging,USB Type-C Port,6.473783376,7.822135013
23,realme 12 Pro Plus,Android v14,29499,8.7,"Octa core (2.4 GHz, Quad Core + 1.95 GHz, Quad core)",Snapdragon 7s Gen 2,8 GB RAM,6.7 inches (17.02 cm),"FHD+, AMOLED",120 Hz Refresh Rate,50 MP + 8 MP + 64 MP Triple Primary Cameras,LED Flash,32 MP Front Camera,5000 mAh,Super VOOC Charging,USB Type-C Port,6.692945597,8.097883679
24,realme 12 Pro,Android v14,22499,8.5,"Octa core (2.2 GHz, Quad Core + 1.8 GHz, Quad core)",Snapdragon 6 Gen 1,8 GB RAM,6.7 inches (17.02 cm),"FHD+, AMOLED",120 Hz Refresh Rate,50 MP + 8 MP + 32 MP Triple Primary Cameras,LED Flash,16 MP Front Camera,5000 mAh,Super VOOC Charging,USB Type-C Port,6.692945597,7.957883679
25,realme C65 5G,Android v14,10499,8.5,"Octa core (2.4 GHz, Dual Core + 2 GHz, Hexa Core)",MediaTek Dimensity 6300,4 GB RAM,6.67 inches (16.94 cm),"HD+, IPS LCD",120 Hz Refresh Rate,50 MP Dual Primary Cameras,LED Flash,8 MP Front Camera,5000 mAh,Quick Charging,USB Type-C Port,7.915521287,8.324656386
26,realme Narzo 60 5G,Android v13,14999,8,"Octa core (2.2 GHz, Dual Core + 2 GHz, Hexa Core)",MediaTek Dimensity 6020,8 GB RAM,6.43 inches (16.33 cm),"FHD+, Super AMOLED",90 Hz Refresh Rate,64 MP + 2 MP Dual Primary Cameras,LED Flash,16 MP Front Camera,5000 mAh,Super VOOC Charging,USB Type-C Port,5.845581954,7.353674586
27,realme Narzo 70x 5G,Android v14,11999,7.7,"Octa core (2.2 GHz, Dual Core + 2 GHz, Hexa Core)",MediaTek Dimensity 6100 Plus,4 GB RAM,6.72 inches (17.07 cm),"FHD+, IPS LCD",120 Hz Refresh Rate,50 MP + 2 MP Dual Primary Cameras,LED Flash,8 MP Front Camera,5000 mAh,Super VOOC Charging,USB Type-C Port,6.473783376,7.332135013
28,realme P1 Pro 5G,Android v14,21999,8.4,"Octa core (2.2 GHz, Quad Core + 1.8 GHz, Quad core)",Snapdragon 6 Gen 1,8 GB RAM,6.7 inches (17.02 cm),"FHD+, OLED",120 Hz Refresh Rate,50 MP + 8 MP Dual Primary Cameras,LED Flash,Screen flash,5000 mAh,Super VOOC Charging,USB Type-C Port,6.473783376,7.822135013
29,realme C53,Android v13,9489,7.3,"Octa core (1.8 GHz, Dual Core + 1.8 GHz, Hexa Core)",Unisoc T612,6 GB RAM,6.74 inches (17.12 cm),"HD+, IPS LCD",90 Hz Refresh Rate,108 MP Dual Primary Cameras,LED Flash,Screen flash,5000 mAh,Quick Charging,USB Type-C Port,9.22573495,7.877720485
30,realme Narzo 60X 5G,Android v13,10999,7.6,"Octa core (2.2 GHz, Dual Core + 2 GHz, Hexa Core)",MediaTek Dimensity 6100 Plus,4 GB RAM,6.72 inches (17.07 cm),"FHD+, IPS LCD",120 Hz Refresh Rate,50 MP + 2 MP Dual Primary Cameras,LED Flash,8 MP Front Camera,5000 mAh,Super VOOC Charging,USB Type-C Port,6.29992966,7.209978898
31,realme 12,Android v14,16889,7.9,"Octa core (2.2 GHz, Dual Core + 2 GHz, Hexa Core)",MediaTek Dimensity 6100 Plus,6 GB RAM,6.72 inches (17.07 cm),"FHD+, IPS LCD",120 Hz Refresh Rate,108 MP + 2 MP Dual Primary Cameras,LED Flash,8 MP Front Camera,5000 mAh,Super VOOC Charging,USB Type-C Port,6.692945597,7.537883679
32,realme 11 Pro,Android v13,23799,8.3,"Octa core (2.6 GHz, Dual Core + 2 GHz, Hexa Core)",MediaTek Dimensity 7050,8 GB RAM,6.7 inches (17.02 cm),"FHD+, AMOLED",120 Hz Refresh Rate,100 MP + 2 MP Dual Primary Cameras,LED Flash,16 MP Front Camera,5000 mAh,Super VOOC Charging,USB Type-C Port,5.509826551,7.462947965
33,realme 11 Pro Plus,Android v13,27899,8.5,"Octa core (2.6 GHz, Dual Core + 2 GHz, Hexa Core)",MediaTek Dimensity 7050,8 GB RAM,6.7 inches (17.02 cm),"FHD+, AMOLED",120 Hz Refresh Rate,200 MP + 8 MP + 2 MP Triple Primary Cameras,LED Flash,32 MP Front Camera,5000 mAh,Super VOOC Charging,USB Type-C Port,6.485680329,7.895704099
34,realme 11,Android v13,16999,7.9,"Octa core (2.2 GHz, Dual Core + 2 GHz, Hexa Core)",MediaTek Dimensity 6100 Plus,8 GB RAM,6.72 inches (17.07 cm),"FHD+, IPS LCD",120 Hz Refresh Rate,108 MP + 2 MP Dual Primary Cameras,LED Flash,Screen flash,5000 mAh,Super VOOC Charging,USB Type-C Port,5.509826551,7.182947965
35,realme 10,Android v12,10300,8.1,"Octa core (2.2 GHz, Dual Core + 2 GHz, Hexa Core)",MediaTek Helio G99,4 GB RAM,6.4 inches (16.26 cm),"FHD+, Super AMOLED",90 Hz Refresh Rate,50 MP + 2 MP Dual Primary Cameras,LED Flash,Screen flash,5000 mAh,Super VOOC Charging,USB Type-C Port,5.616651574,7.354995472
36,Xiaomi Redmi Note 13 Pro,Android v13,23880,8.6,"Octa core (2.4 GHz, Quad Core + 1.95 GHz, Quad core)",Snapdragon 7s Gen 2,8 GB RAM,6.67 inches (16.94 cm),"FHD+, AMOLED",120 Hz Refresh Rate,200 MP + 8 MP + 2 MP Triple Primary Cameras,Dual-color LED Flash,16 MP Front Camera,5100 mAh,Turbo Charging,USB Type-C Port,6.372504098,7.931751229
37,Xiaomi Redmi Note 13,Android v13,16999,8,"Octa core (2.4 GHz, Dual Core + 2 GHz, Hexa Core)",MediaTek Dimensity 6080,6 GB RAM,6.67 inches (16.94 cm),"FHD+, AMOLED",120 Hz Refresh Rate,108 MP + 8 MP + 2 MP Triple Primary Cameras,LED Flash,16 MP Front Camera,5000 mAh,Fast Charging,USB Type-C Port,6.372504098,7.511751229
38,Xiaomi Redmi 12 5G,Android v13,11999,7.7,"Octa core (2.2 GHz, Dual Core + 1.8 GHz, Hexa Core)",Snapdragon 4 Gen 2,4 GB RAM,6.79 inches (17.25 cm),"FHD+, IPS LCD",90 Hz Refresh Rate,50 MP + 2 MP Dual Primary Cameras,LED Flash,8 MP Front Camera,5000 mAh,Fast Charging,USB Type-C Port,5.767402901,7.12022087
39,Xiaomi 14 Ultra,Android v14,99999,9.7,"Octa core (3.3 GHz, Single Core + 3.2 GHz, Tri core + 3 GHz, Dual core + 2.3 GHz, Dual core)",Snapdragon 8 Gen 3,16 GB RAM,6.73 inches (17.09 cm),"QHD+, AMOLED",120 Hz Refresh Rate,50 + 50 + 50 + 50 MP Quad Primary Cameras,Dual LED Flash,Screen flash,5000 mAh,Hyper Charging,USB Type-C Port,8.660804124,9.388241237
40,Xiaomi Redmi Note 13 Pro Plus 5G,Android v13,30999,8.7,"Octa core (2.8 GHz, Dual Core + 2 GHz, Hexa Core)",MediaTek Dimensity 7200 Ultra,8 GB RAM,6.67 inches (16.94 cm),"FHD+, AMOLED",120 Hz Refresh Rate,200 MP + 8 MP + 2 MP Triple Primary Cameras,Dual-color LED Flash,16 MP Front Camera,5000 mAh,Hyper Charging,USB Type-C Port,6.372504098,8.001751229
41,Xiaomi 14,Android v14,66999,9.5,"Octa core (3.3 GHz, Single Core + 3.2 GHz, Penta Core + 2.3 GHz, Dual core)",Snapdragon 8 Gen 3,12 GB RAM,6.36 inches (16.15 cm),"FHD+, LTPO AMOLED",120 Hz Refresh Rate,50 MP + 50 MP + 50 MP Triple Primary Cameras,Dual-color LED Flash,32 MP Front Camera,4610 mAh,Hyper Charging,USB Type-C Port,8.660804124,9.248241237
42,Xiaomi Redmi 13C 5G,Android v13,10499,7.3,"Octa core (2.2 GHz, Dual Core + 2 GHz, Hexa Core)",MediaTek Dimensity 6100 Plus,4 GB RAM,6.74 inches (17.12 cm),"HD+, IPS LCD",90 Hz Refresh Rate,50 MP + 0.08 MP Dual Primary Cameras,LED Flash,Screen flash,5000 mAh,Fast Charging,USB Type-C Port,6.23666062,6.980998186
43,Xiaomi Redmi 13C,Android v13,7699,7.4,"Octa core (2 GHz, Dual Core + 1.8 GHz, Hexa Core)",MediaTek Helio G85,4 GB RAM,6.74 inches (17.12 cm),"HD+, IPS LCD",90 Hz Refresh Rate,50 MP + 2 MP + 0.08 MP Triple Primary Cameras,LED Flash,Screen flash,5000 mAh,Fast Charging,USB Type-C Port,6.23666062,7.050998186
44,Xiaomi Redmi Note 12,Android v12,14999,8.1,"Octa core (2 GHz, Dual Core + 1.8 GHz, Hexa Core)",Snapdragon 4 Gen 1,4 GB RAM,6.67 inches (16.94 cm),"FHD+, Super AMOLED",120 Hz Refresh Rate,48 MP + 8 MP + 2 MP Triple Primary Cameras,LED Flash,13 MP Front Camera,5000 mAh,Fast Charging,USB Type-C Port,5.586920425,7.346076128
45,Xiaomi Redmi Note 12 4G,Android v13,10499,7.9,"Octa core (2.8 GHz, Quad Core + 1.9 GHz, Quad core)",Snapdragon 685,6 GB RAM,6.67 inches (16.94 cm),"FHD+, Super AMOLED",120 Hz Refresh Rate,50 MP + 8 MP + 2 MP Triple Primary Cameras,LED Flash,Screen flash,5000 mAh,Fast Charging,USB Type-C Port,5.586920425,7.206076128
46,Xiaomi Redmi Note 12 Pro 5G,Android v12,24900,8.5,"Octa core (2.6 GHz, Dual Core + 2 GHz, Hexa Core)",MediaTek Dimensity 1080,6 GB RAM,6.67 inches (16.94 cm),"FHD+, AMOLED",120 Hz Refresh Rate,50 MP + 8 MP + 2 MP Triple Primary Cameras,LED Flash,16 MP Front Camera,5000 mAh,Turbo Charging,USB Type-C Port,7.312629155,8.143788747
47,Xiaomi Redmi 12C,Android v12,6583,7.2,"Octa core (2 GHz, Dual Core + 1.8 GHz, Hexa Core)",MediaTek Helio G85,4 GB RAM,6.71 inches (17.04 cm),"HD+, IPS LCD",60 Hz Refresh Rate,50 MP + 0.08 MP Dual Primary Cameras,LED Flash,Screen flash,5000 mAh,No Quick Charging,Micro-USB Port,5.762054825,6.768616447
48,Xiaomi Redmi Note 12 Pro Plus 5G,Android v12,27999,8.6,"Octa core (2.6 GHz, Dual Core + 2 GHz, Hexa Core)",MediaTek Dimensity 1080,8 GB RAM,6.67 inches (16.94 cm),"FHD+, AMOLED",120 Hz Refresh Rate,200 MP + 8 MP + 2 MP Triple Primary Cameras,LED Flash,16 MP Front Camera,4980 mAh,Hyper Charging,USB Type-C Port,7.312629155,8.213788747
49,Xiaomi 13 Pro,Android v13,85766,9.4,"Octa core (3.2 GHz, Single Core + 2.8 GHz, Quad core + 2 GHz, Tri core)",Snapdragon 8 Gen 2,12 GB RAM,6.73 inches (17.09 cm),"QHD+, AMOLED",120 Hz Refresh Rate,50 MP + 50 MP + 50 MP Triple Primary Cameras,Dual-color LED Flash,32 MP Front Camera,4820 mAh,Fast Charging,USB Type-C Port,6.199627501,8.43988825
50,Xiaomi Redmi 12,Android v13,9499,7.5,"Octa core (2 GHz, Dual Core + 1.8 GHz, Hexa Core)",MediaTek Helio G88,4 GB RAM,6.79 inches (17.25 cm),"FHD+, IPS LCD",90 Hz Refresh Rate,50 MP + 8 MP + 2 MP Triple Primary Cameras,LED Flash,8 MP Front Camera,5000 mAh,Fast Charging,USB Type-C Port,5.586920425,6.926076128
51,Xiaomi Redmi 12 5G 8GB RAM,Android v13,14499,7.8,"Octa core (2.2 GHz, Dual Core + 1.8 GHz, Hexa Core)",Snapdragon 4 Gen 2,8 GB RAM,6.79 inches (17.25 cm),"FHD+, IPS LCD",90 Hz Refresh Rate,50 MP + 2 MP Dual Primary Cameras,LED Flash,8 MP Front Camera,5000 mAh,Fast Charging,USB Type-C Port,5.767402901,7.19022087
52,Xiaomi Redmi K50i,Android v12,27999,8.5,"Octa core (2.85 GHz, Quad Core + 2 GHz, Quad core)",MediaTek Dimensity 8100,6 GB RAM,6.6 inches (16.76 cm),"FHD+, IPS LCD",144 Hz Refresh Rate,64 MP + 8 MP + 2 MP Triple Primary Cameras,LED Flash,16 MP Front Camera,5080 mAh,Turbo Charging,USB Type-C Port,8.448699674,8.484609902
53,Xiaomi Redmi Note 11 Pro,Android v11,18599,8,"Octa core (2.05 GHz, Dual Core + 2 GHz, Hexa Core)",MediaTek Helio G96,6 GB RAM,6.67 inches (16.94 cm),"FHD+, AMOLED",120 Hz Refresh Rate,108 + 8 + 2 + 2 MP Quad Primary Cameras,LED Flash,16 MP Front Camera,5000 mAh,Turbo Charging,USB Type-C Port,5.597434418,7.279230325
54,Xiaomi Redmi Note 13 256GB,Android v13,18999,8,"Octa core (2.4 GHz, Dual Core + 2 GHz, Hexa Core)",MediaTek Dimensity 6080,8 GB RAM,6.67 inches (16.94 cm),"FHD+, AMOLED",120 Hz Refresh Rate,108 MP + 8 MP + 2 MP Triple Primary Cameras,LED Flash,16 MP Front Camera,5000 mAh,Fast Charging,USB Type-C Port,6.372504098,7.511751229
55,Xiaomi Redmi A3,Android v13,6999,6.8,"Octa core (2.2 GHz, Quad Core + 1.8 GHz, Quad core)",MediaTek Helio G36,3 GB RAM,6.7 inches (17.02 cm),"HD+, IPS LCD",90 Hz Refresh Rate,8 MP + 0.08 MP Dual Primary Cameras,LED Flash,Screen flash,5000 mAh,No Quick Charging,USB Type-C Port,5.332333962,6.359700189
56,Samsung Galaxy M55 5G,Android v14,24999,8.9,"Octa core (2.4 GHz, Single Core + 2.36 GHz, Tri core + 1.8 GHz, Quad core)",Snapdragon 7 Gen 1,8 GB RAM,6.7 inches (17.02 cm),"FHD+, Super AMOLED Plus",120 Hz Refresh Rate,50 MP + 8 MP + 2 MP Triple Primary Cameras,LED Flash,No Front Flash,5000 mAh,Fast Charging,USB Type-C Port,9.37184775,9.041554325
57,Samsung Galaxy S24 Ultra,Android v14,111599,9.8,"Octa core (3.39 GHz, Single Core + 3.1 GHz, Tri core + 2.9 GHz, Dual core + 2.2 GHz, Dual core)",Snapdragon 8 Gen 3,12 GB RAM,6.8 inches (17.27 cm),"QHD+, Dynamic AMOLED 2x",120 Hz Refresh Rate,200 + 12 + 10 + 50 MP Quad Primary Cameras,LED Flash,12 MP Front Camera,5000 mAh,Fast Charging,USB Type-C Port,7.064912086,8.979473626
58,Samsung Galaxy A55 5G,Android v14,35949,8.6,"Octa core (2.75 GHz, Quad Core + 2 GHz, Quad core)",Samsung Exynos 1480 ,8 GB RAM,6.6 inches (16.76 cm),"FHD+, Super AMOLED",120 Hz Refresh Rate,50 MP + 12 MP + 5 MP Triple Primary Cameras,LED Flash,No Front Flash,5000 mAh,Fast Charging,USB Type-C Port,6.916630802,8.094989241
59,Samsung Galaxy A35 5G,Android v14,27199,8.7,"Octa core (2.4 GHz, Quad Core + 2 GHz, Quad core)",Samsung Exynos 1380 ,8 GB RAM,6.6 inches (16.76 cm),"FHD+, Super AMOLED",120 Hz Refresh Rate,50 MP + 8 MP + 5 MP Triple Primary Cameras,LED Flash,No Front Flash,5000 mAh,Fast Charging,USB Type-C Port,6.731255288,8.109376586
60,Samsung Galaxy F15,Android v14,12999,8.1,"Octa core (2.2 GHz, Dual Core + 2 GHz, Hexa Core)",MediaTek Dimensity 6100 Plus,4 GB RAM,6.5 inches (16.51 cm),"FHD+, Super AMOLED",90 Hz Refresh Rate,50 MP + 5 MP + 2 MP Triple Primary Cameras,LED Flash,No Front Flash,6000 mAh,Fast Charging,USB Type-C Port,8.809394738,8.312818421
61,Samsung Galaxy F54 5G,Android v13,21890,8.9,"Octa core (2.4 GHz, Quad Core + 2 GHz, Quad core)",Samsung Exynos 1380 ,8 GB RAM,6.7 inches (17.02 cm),"FHD+, Super AMOLED Plus",120 Hz Refresh Rate,108 MP + 8 MP + 2 MP Triple Primary Cameras,LED Flash,No Front Flash,6000 mAh,Fast Charging,USB Type-C Port,8.014187358,8.634256208
62,Samsung Galaxy M34,Android v13,13999,8.6,"Octa core (2.4 GHz, Dual Core + 2 GHz, Hexa Core)",Samsung Exynos 1280,6GB RAM,6.5 inches (16.42 cm),"FHD+, Super AMOLED",120Hz Refresh Rate,50MP + 8MP + 2MP Triple Primary Cameras,LED Flash,13MP Front Camera,6000mAh,Fast Charging,USB Type-C Port,8.747385776,8.644215733
63,Samsung Galaxy S24 5G,Android v14,63999,9.5,"Deca Core (3.2 GHz, Single Core + 2.9 GHz, Dual core + 2.6 GHz, Tri core + 1.95 GHz, Quad core)",Samsung Exynos 2400 ,8 GB RAM,6.2 inches (15.75 cm),"FHD+, Dynamic AMOLED 2x",120 Hz Refresh Rate,50 MP + 12 MP + 10 MP Triple Primary Cameras,LED Flash,12 MP Front Camera,4000 mAh,Fast Charging,USB Type-C Port,7.03164735,8.759494205
64,Samsung Galaxy A15 5G,Android v14,19499,8.1,"Octa core (2.2 GHz, Dual Core + 2 GHz, Hexa Core)",MediaTek Dimensity 6100 Plus,8 GB RAM,6.5 inches (16.51 cm),"FHD+, Super AMOLED",90 Hz Refresh Rate,50 MP + 5 MP + 2 MP Triple Primary Cameras,LED Flash,No Front Flash,5000 mAh,Fast Charging,USB Type-C Port,6.604077354,7.651223206
65,Samsung Galaxy S23 FE,Android v13,34999,8.9,"Octa core (2.8 GHz, Single Core + 2.5 GHz, Tri core + 1.8 GHz, Quad core)",Samsung Exynos 2200 ,8 GB RAM,6.4 inches (16.26 cm),"FHD+, Dynamic AMOLED 2x",120 Hz Refresh Rate,50 MP + 12 MP + 8 MP Triple Primary Cameras,LED Flash,10 MP Front Camera,4500 mAh,Fast Charging,USB Type-C Port,6.776457698,8.262937309
66,Samsung Galaxy S23 5G,Android v13,50475,9.4,"Octa core (3.36 GHz, Single Core + 2.8 GHz, Quad core + 2 GHz, Tri core)",Snapdragon 8 Gen 2,8 GB RAM,6.1 inches (15.49 cm),"FHD+, Dynamic AMOLED 2x",120 Hz Refresh Rate,50 MP + 12 MP + 10 MP Triple Primary Cameras,LED Flash,12 MP Front Camera,3900 mAh,Fast Charging,USB Type-C Port,5.742435117,8.302730535
67,Samsung Galaxy S22,Android v12,36500,8.9,"Octa core (3 GHz, Single Core + 2.4 GHz, Tri core + 1.7 GHz, Quad core)",Snapdragon 8 Gen 1,8 GB RAM,6.1 inches (15.49 cm),"FHD+, Dynamic AMOLED 2x",120 Hz Refresh Rate,50 MP + 12 MP + 10 MP Triple Primary Cameras,LED Flash,10 MP Front Camera,3700 mAh,Fast Charging,USB Type-C Port,5.465831197,7.869749359
68,Samsung Galaxy A14 5G,Android v13,11899,7.8,"Octa core (2.4 GHz, Dual Core + 2 GHz, Hexa Core)",Samsung Exynos 1330 ,4 GB RAM,6.6 inches (16.76 cm),"FHD+, PLS LCD",90 Hz Refresh Rate,50 MP + 2 MP + 2 MP Triple Primary Cameras,LED Flash,No Front Flash,5000 mAh,Fast Charging,USB Type-C Port,6.109171945,7.292751584
69,Samsung Galaxy S21 FE,Android v12,32410,8.6,"Octa core (2.91 GHz, Single Core + 2.81 GHz, Tri core + 2.2 GHz, Quad core)",Samsung Exynos 2100 ,8 GB RAM,6.4 inches (16.26 cm),"FHD+, Dynamic AMOLED 2x",120 Hz Refresh Rate,12 MP + 12 MP + 8 MP Triple Primary Cameras,LED Flash,32 MP Front Camera,4500 mAh,Fast Charging,USB Type-C Port,5.558258198,7.687477459
70,Samsung Galaxy S23 Ultra 5G,Android v13,93899,9.6,"Octa core (3.36 GHz, Single Core + 2.8 GHz, Quad core + 2 GHz, Tri core)",Snapdragon 8 Gen 2,12 GB RAM,6.8 inches (17.27 cm),"QHD+, Dynamic AMOLED 2x",120 Hz Refresh Rate,200 + 12 + 10 + 10 MP Quad Primary Cameras,LED Flash,12 MP Front Camera,5000 mAh,Fast Charging,USB Type-C Port,5.534374074,8.380312222
71,Samsung Galaxy S24 Plus 5G,Android v14,99999,9.9,"Deca Core (3.2 GHz, Single Core + 2.9 GHz, Dual core + 2.6 GHz, Tri core + 1.95 GHz, Quad core)",Samsung Exynos 2400 ,12 GB RAM,6.7 inches (17.02 cm),"QHD+, Dynamic AMOLED 2x",120 Hz Refresh Rate,50 MP + 12 MP + 10 MP Triple Primary Cameras,LED Flash,12 MP Front Camera,4900 mAh,Fast Charging,USB Type-C Port,7.03164735,9.039494205
72,Samsung Galaxy A54 5G,Android v13,29840,8.8,"Octa core (2.4 GHz, Quad Core + 2 GHz, Quad core)",Samsung Exynos 1380 ,8 GB RAM,6.4 inches (16.26 cm),"FHD+, Super AMOLED",120 Hz Refresh Rate,50 MP + 12 MP + 5 MP Triple Primary Cameras,LED Flash,No Front Flash,5000 mAh,Fast Charging,USB Type-C Port,5.782004026,7.894601208
73,Samsung Galaxy S24 Ultra 512GB,Android v14,123999,9.8,"Octa core (3.39 GHz, Single Core + 3.1 GHz, Tri core + 2.9 GHz, Dual core + 2.2 GHz, Dual core)",Snapdragon 8 Gen 3,12 GB RAM,6.8 inches (17.27 cm),"QHD+, Dynamic AMOLED 2x",120 Hz Refresh Rate,200 + 12 + 10 + 50 MP Quad Primary Cameras,LED Flash,12 MP Front Camera,5000 mAh,Fast Charging,USB Type-C Port,7.064912086,8.979473626
74,Samsung Galaxy M14,Android v13,9499,7.9,"Octa core (2.4 GHz, Dual Core + 2 GHz, Hexa Core)",Samsung Exynos 1330 ,4 GB RAM,6.6 inches (16.76 cm),"FHD+, PLS LCD",90 Hz Refresh Rate,50 MP + 2 MP + 2 MP Triple Primary Cameras,LED Flash,No Front Flash,6000 mAh,Fast Charging,USB Type-C Port,6.465886837,7.469766051
75,Samsung Galaxy S21 FE 2023,Android v13,31500,9,"Octa core (2.84 GHz, Single Core + 2.42 GHz, Tri core + 1.8 GHz, Quad core)",Snapdragon 888,8 GB RAM,6.4 inches (16.26 cm),"FHD+, Dynamic AMOLED 2x",120 Hz Refresh Rate,12 MP + 12 MP + 8 MP Triple Primary Cameras,LED Flash,32 MP Front Camera,4500 mAh,Fast Charging,USB Type-C Port,5.799518554,8.039855566
76,vivo V30,Android v14,31580,8.3,"Octa core (2.63 GHz, Single Core + 2.4 GHz, Tri core + 1.8 GHz, Quad core)",Snapdragon 7 Gen 3,8 GB RAM,6.78 inches (17.22 cm),"FHD+, AMOLED",120 Hz Refresh Rate,50 MP + 50 MP Dual Primary Cameras,Smart Aura Light,50 MP Front Camera,5000 mAh,Flash Charging,USB Type-C Port,6.619545334,7.7958636
77,vivo T3,Android v14,19999,8.5,"Octa core (2.8 GHz, Dual Core + 2 GHz, Hexa Core)",MediaTek Dimensity 7200,8 GB RAM,6.67 inches (16.94 cm),"FHD+, AMOLED",120 Hz Refresh Rate,50 MP + 2 MP Triple Primary Cameras,LED Flash,16 MP Front Camera,5000 mAh,Flash Charging,USB Type-C Port,9.996631771,8.948989531
78,vivo T3x,Android v14,13499,7.7,"Octa core (2.2 GHz, Quad Core + 1.8 GHz, Quad core)",Snapdragon 6 Gen 1,4 GB RAM,6.72 inches (17.07 cm),"FHD+, LCD",120 Hz Refresh Rate,50 MP + 2 MP Dual Primary Cameras,LED Flash,8 MP Front Camera,6000 mAh,Flash Charging,USB Type-C Port,6.619545334,7.3758636
79,vivo V29,Android v13,31999,8,"Octa core (2.4 GHz, Single Core + 2.4 GHz, Tri core + 1.8 GHz, Quad core)",Snapdragon 778G,8 GB RAM,6.78 inches (17.22 cm),"FHD+, AMOLED",120 Hz Refresh Rate,50 MP + 8 MP + 2 MP Triple Primary Cameras,LED Flash + Aura Light,50 MP Front Camera,4600 mAh,Flash Charging,USB Type-C Port,5.710041821,7.313012546
80,vivo V29e,Android v13,24499,8.4,"Octa core (2.2 GHz, Dual Core + 1.9 GHz, Hexa Core)",Snapdragon 695,8 GB RAM,6.78 inches (17.22 cm),"FHD+, AMOLED",120 Hz Refresh Rate,64 MP + 8 MP Dual Primary Cameras,LED Flash,50 MP Front Camera,5000 mAh,Flash Charging,USB Type-C Port,4.800538308,7.320161492
81,vivo V30 Pro,Android v14,41999,9.1,"Octa core (3.1 GHz, Single Core + 3 GHz, Tri core + 2 GHz, Quad core)",MediaTek Dimensity 8200,8 GB RAM,6.78 inches (17.22 cm),"FHD+, AMOLED",120 Hz Refresh Rate,50 MP + 50 MP + 50 MP Triple Primary Cameras,Smart Aura Light,50 MP Front Camera,5000 mAh,Flash Charging,USB Type-C Port,6.619545334,8.3558636
82,vivo T2 Pro,Android v13,23999,8.4,"Octa core (2.8 GHz, Dual Core + 2 GHz, Hexa Core)",MediaTek Dimensity 7200,8 GB RAM,6.78 inches (17.22 cm),"FHD+, AMOLED",120 Hz Refresh Rate,64 MP + 2 MP Dual Primary Cameras,Ring LED,16 MP Front Camera,4600 mAh,Flash Charging,USB Type-C Port,5.19312922,7.437938766
83,vivo T2x,Android v13,11999,8,"Octa core (2.2 GHz, Dual Core + 2 GHz, Hexa Core + Quad core)",MediaTek Dimensity 6020,4 GB RAM,6.58 inches (16.71 cm),"FHD+, IPS LCD",60 Hz Refresh Rate,50 MP + 2 MP Dual Primary Cameras,LED Flash,8 MP Front Camera,5000 mAh,Fast Charging,USB Type-C Port,7.9007416,7.97022248
84,vivo T2,Android v13,16999,8.2,"Octa core (2.2 GHz, Dual Core + 1.8 GHz, Hexa Core + Quad core)",Snapdragon 695,6 GB RAM,6.38 inches (16.21 cm),"FHD+, AMOLED",90 Hz Refresh Rate,64 MP + 2 MP Dual Primary Cameras,LED Flash,16 MP Front Camera,4500 mAh,Flash Charging,USB Type-C Port,5.19312922,7.297938766
85,vivo Y200 5G,Android v13,21999,8.4,"Octa core (2 GHz, Dual Core + 1.8 GHz, Hexa Core)",Snapdragon 4 Gen 1,8 GB RAM,6.67 inches (16.94 cm),"FHD+, AMOLED",120 Hz Refresh Rate,64 MP + 2 MP Dual Primary Cameras,LED Flash + Aura Light,16 MP Front Camera,4800 mAh,Flash Charging,USB Type-C Port,9.657928108,8.777378432
86,vivo Y200e 5G,Android v14,19999,8.1,"Octa core (2.2 GHz, Dual Core + 1.95 GHz, Hexa Core)",Snapdragon 4 Gen 2,6 GB RAM,6.67 inches (16.94 cm),"FHD+, AMOLED",120 Hz Refresh Rate,50 MP + 2 MP Triple Primary Cameras,LED Flash,16 MP Front Camera,5000 mAh,Flash Charging,USB Type-C Port,9.657928108,8.567378432
87,vivo Y28 5G,Android v13,13999,7.9,"Octa core (2.2 GHz, Dual Core + 2 GHz, Hexa Core)",MediaTek Dimensity 6020,4 GB RAM,6.56 inches (16.66 cm),"HD+, IPS LCD",90 Hz Refresh Rate,50 MP + 2 MP Dual Primary Cameras,LED Flash,8 MP Front Camera,5000 mAh,USB Type-C Port,Non-Removable,4.800538308,6.970161492
88,vivo V29 Pro,Android v13,39999,8.8,"Octa core (3.1 GHz, Single Core + 3 GHz, Tri core + 2 GHz, Quad core)",MediaTek Dimensity 8200,8 GB RAM,6.78 inches (17.22 cm),"FHD+, AMOLED",120 Hz Refresh Rate,50 MP + 8 MP + 12 MP Triple Primary Cameras,LED Flash + Aura Light,50 MP Front Camera,4600 mAh,Flash Charging,USB Type-C Port,5.710041821,7.873012546
89,vivo X100 Pro 5G,Android v14,89999,9.7,"Octa core (3.25 GHz, Single Core + 2.85 GHz, Tri core + 2 GHz, Quad core)",MediaTek Dimensity 9300,16 GB RAM,6.78 inches (17.22 cm),"FHD+, AMOLED",120 Hz Refresh Rate,50 MP + 50 MP + 50 MP Triple Primary Cameras,LED Flash,32 MP Front Camera,5400 mAh,Flash Charging,USB Type-C Port,7.934318551,9.170295565
90,vivo V27,Android v13,32490,8.5,"Octa core (2.8 GHz, Dual Core + 2.8 GHz, Hexa Core)",MediaTek Dimensity 7200,8 GB RAM,6.78 inches (17.22 cm),"FHD+, AMOLED",120 Hz Refresh Rate,50 MP + 8 MP + 2 MP Triple Primary Cameras,Ring LED,50 MP Front Camera,4600 mAh,Flash Charging,USB Type-C Port,6.217183782,7.815155135
91,vivo X100,Android v14,63999,9.6,"Octa core (3.25 GHz, Single Core + 2.85 GHz, Tri core + 2 GHz, Quad core)",MediaTek Dimensity 9300,12 GB RAM,6.78 inches (17.22 cm),"FHD+, AMOLED",120 Hz Refresh Rate,50 MP + 50 MP + 64 MP Triple Primary Cameras,LED Flash,32 MP Front Camera,5000 mAh,Flash Charging,USB Type-C Port,7.934318551,9.100295565
92,vivo T2x 6GB RAM,Android v13,12999,8.1,"Octa core (2.2 GHz, Dual Core + 2 GHz, Hexa Core + Quad core)",MediaTek Dimensity 6020,6 GB RAM,6.58 inches (16.71 cm),"FHD+, IPS LCD",60 Hz Refresh Rate,50 MP + 2 MP Dual Primary Cameras,LED Flash,8 MP Front Camera,5000 mAh,Fast Charging,USB Type-C Port,7.9007416,8.04022248
93,vivo V27 Pro,Android v13,34999,8.8,"Octa core (3.1 GHz, Single Core + 3 GHz, Tri core + 2 GHz, Quad core)",MediaTek Dimensity 8200,8 GB RAM,6.78 inches (17.22 cm),"FHD+, AMOLED",120 Hz Refresh Rate,50 MP + 8 MP + 2 MP Triple Primary Cameras,Ring LED,50 MP Front Camera,4600 mAh,Flash Charging,USB Type-C Port,5.249679035,7.73490371
94,vivo V30 Pro 512GB,Android v14,46999,9.1,"Octa core (3.1 GHz, Single Core + 3 GHz, Tri core + 2 GHz, Quad core)",MediaTek Dimensity 8200,12 GB RAM,6.78 inches (17.22 cm),"FHD+, AMOLED",120 Hz Refresh Rate,50 MP + 50 MP + 50 MP Triple Primary Cameras,Smart Aura Light,50 MP Front Camera,5000 mAh,Flash Charging,USB Type-C Port,6.619545334,8.3558636
